{
    "avg_si_kBps": 0.0,
    "avg_so_kBps": 23649.701030927834,
    "avg_free_vmstat_MB": 3672.663337628866,
    "avg_iowait": 10.814432989690722,
    "avg_free_mb": 3672.4261101973684,
    "avg_swap_used_mb": 191.97586348684212,
    "avg_available_mb": 3865.995476973684,
    "avg_cache_mb": 309.3152960526316,
    "avg_pgfault": 183019.1739130435,
    "avg_pgmajfault": 0.4673913043478261,
    "avg_pswpin": 0.0,
    "avg_pswpout": 6233.695652173913,
    "psi_some_avg10": 0.0,
    "psi_full_avg10": 0.0,
    "bogo_ops_per_s": 171654.9,
    "memory_pressure_score": 11.812887581801883
}