{
    "avg_si_kBps": 0.0,
    "avg_so_kBps": 57643.59375,
    "avg_free_vmstat_MB": 3616.3824869791665,
    "avg_iowait": 14.364583333333334,
    "avg_free_mb": 3624.466090425532,
    "avg_swap_used_mb": 480.92652925531917,
    "avg_available_mb": 3825.915766289894,
    "avg_cache_mb": 312.4667137632979,
    "avg_pgfault": 158074.81720430107,
    "avg_pgmajfault": 0.45161290322580644,
    "avg_pswpin": 0.0,
    "avg_pswpout": 14877.63440860215,
    "psi_some_avg10": 0.0,
    "psi_full_avg10": 0.0,
    "bogo_ops_per_s": 141950.76,
    "memory_pressure_score": 12.714910268817205
}