{
    "avg_si_kBps": 0.0,
    "avg_so_kBps": 40170.31914893617,
    "avg_free_vmstat_MB": 3764.034491356383,
    "avg_iowait": 5.170212765957447,
    "avg_free_mb": 3856.2090657552085,
    "avg_swap_used_mb": 317.2830810546875,
    "avg_available_mb": 4061.9749755859375,
    "avg_cache_mb": 316.7101643880208,
    "avg_pgfault": 205695.26315789475,
    "avg_pgmajfault": 0.7473684210526316,
    "avg_pswpin": 0.0,
    "avg_pswpout": 9936.715789473685,
    "psi_some_avg10": 0.0,
    "psi_full_avg10": 0.0,
    "bogo_ops_per_s": 195589.61,
    "memory_pressure_score": 9.784440593505039
}