{
    "avg_si_kBps": 0.0851063829787234,
    "avg_so_kBps": 47660.31914893617,
    "avg_free_vmstat_MB": 3733.7140126329787,
    "avg_iowait": 9.085106382978724,
    "avg_free_mb": 3719.8454721102153,
    "avg_swap_used_mb": 485.6381048387097,
    "avg_available_mb": 3950.5461609543013,
    "avg_cache_mb": 342.21425571236557,
    "avg_pgfault": 178653.0,
    "avg_pgmajfault": 2.8260869565217392,
    "avg_pswpin": 0.021739130434782608,
    "avg_pswpout": 12173.91304347826,
    "psi_some_avg10": 0.0,
    "psi_full_avg10": 0.0,
    "bogo_ops_per_s": 172405.55,
    "memory_pressure_score": 10.795416702127659
}