{
    "avg_si_kBps": 0.0,
    "avg_so_kBps": 31150.625,
    "avg_free_vmstat_MB": 2835.688924153646,
    "avg_iowait": 13.65625,
    "avg_free_mb": 2819.1615131578947,
    "avg_swap_used_mb": 618.8955180921052,
    "avg_available_mb": 3017.1101973684213,
    "avg_cache_mb": 309.08671875,
    "avg_pgfault": 249034.04255319148,
    "avg_pgmajfault": 0.8191489361702128,
    "avg_pswpin": 0.0,
    "avg_pswpout": 7950.755319148936,
    "psi_some_avg10": 0.0,
    "psi_full_avg10": 0.0,
    "bogo_ops_per_s": 57585.75,
    "memory_pressure_score": 16.494760638297873
}