{
    "avg_si_kBps": 0.0,
    "avg_so_kBps": 71109.53684210527,
    "avg_free_vmstat_MB": 3766.1404605263156,
    "avg_iowait": 8.694736842105263,
    "avg_free_mb": 3724.2913726478496,
    "avg_swap_used_mb": 268.30922379032256,
    "avg_available_mb": 3925.593792002688,
    "avg_cache_mb": 316.8766801075269,
    "avg_pgfault": 168792.77173913043,
    "avg_pgmajfault": 0.44565217391304346,
    "avg_pswpin": 0.0,
    "avg_pswpout": 17391.304347826088,
    "psi_some_avg10": 0.0,
    "psi_full_avg10": 0.0,
    "bogo_ops_per_s": 162161.91,
    "memory_pressure_score": 10.255115431922196
}