{
    "avg_si_kBps": 0.0,
    "avg_so_kBps": 47660.234042553195,
    "avg_free_vmstat_MB": 3884.660779587766,
    "avg_iowait": 1.9680851063829787,
    "avg_free_mb": 3905.061995967742,
    "avg_swap_used_mb": 317.20879536290323,
    "avg_available_mb": 4106.016717069892,
    "avg_cache_mb": 311.8541666666667,
    "avg_pgfault": 211045.1847826087,
    "avg_pgmajfault": 0.6086956521739131,
    "avg_pswpin": 0.0,
    "avg_pswpout": 12173.91304347826,
    "psi_some_avg10": 0.0,
    "psi_full_avg10": 0.0,
    "bogo_ops_per_s": 203903.35,
    "memory_pressure_score": 8.370624020582794
}