{
    "avg_si_kBps": 0.0,
    "avg_so_kBps": 61219.125,
    "avg_free_vmstat_MB": 3713.205388849432,
    "avg_iowait": 5.1022727272727275,
    "avg_free_mb": 3701.1407147988507,
    "avg_swap_used_mb": 383.397180316092,
    "avg_available_mb": 3443.114538433908,
    "avg_cache_mb": 315.5447647270115,
    "avg_pgfault": 19823.081395348836,
    "avg_pgmajfault": 0.5581395348837209,
    "avg_pswpin": 0.0,
    "avg_pswpout": 14883.720930232557,
    "psi_some_avg10": 0.0,
    "psi_full_avg10": 0.0,
    "bogo_ops_per_s": 217315.45,
    "memory_pressure_score": 3.2449442124735732
}