{
    "avg_si_kBps": 0.0,
    "avg_so_kBps": 25456.135416666668,
    "avg_free_vmstat_MB": 3469.74267578125,
    "avg_iowait": 18.520833333333332,
    "avg_free_mb": 3481.7684210526318,
    "avg_swap_used_mb": 793.9441200657894,
    "avg_available_mb": 3221.320435855263,
    "avg_cache_mb": 311.08087993421054,
    "avg_pgfault": 12805.47311827957,
    "avg_pgmajfault": 0.5053763440860215,
    "avg_pswpin": 0.0,
    "avg_pswpout": 6569.096774193548,
    "psi_some_avg10": 0.0,
    "psi_full_avg10": 0.0,
    "bogo_ops_per_s": 158135.9,
    "memory_pressure_score": 9.70860822580645
}