{
    "avg_si_kBps": 0.0,
    "avg_so_kBps": 29573.132653061224,
    "avg_free_vmstat_MB": 3621.0344387755104,
    "avg_iowait": 9.326530612244898,
    "avg_free_mb": 3606.072697368421,
    "avg_swap_used_mb": 111.37302631578947,
    "avg_available_mb": 3342.9041529605265,
    "avg_cache_mb": 309.8745888157895,
    "avg_pgfault": 25120.489361702126,
    "avg_pgmajfault": 0.8297872340425532,
    "avg_pswpin": 0.0,
    "avg_pswpout": 7707.606382978724,
    "psi_some_avg10": 0.0,
    "psi_full_avg10": 0.0,
    "bogo_ops_per_s": 197769.5,
    "memory_pressure_score": 5.542482433782023
}