{
    "avg_si_kBps": 0.0,
    "avg_so_kBps": 49778.833333333336,
    "avg_free_vmstat_MB": 3779.256032986111,
    "avg_iowait": 2.7111111111111112,
    "avg_free_mb": 3769.753515625,
    "avg_swap_used_mb": 109.3658420138889,
    "avg_available_mb": 3963.5999131944445,
    "avg_cache_mb": 309.2797743055556,
    "avg_pgfault": 216179.60674157302,
    "avg_pgmajfault": 0.5168539325842697,
    "avg_pswpin": 0.0,
    "avg_pswpout": 12584.269662921348,
    "psi_some_avg10": 0.0,
    "psi_full_avg10": 0.0,
    "bogo_ops_per_s": 199738.01,
    "memory_pressure_score": 8.92184179151061
}