{
    "avg_si_kBps": 0.0,
    "avg_so_kBps": 34783.40217391304,
    "avg_free_vmstat_MB": 3956.5063688858695,
    "avg_iowait": 4.923913043478261,
    "avg_free_mb": 3998.032192887931,
    "avg_swap_used_mb": 308.11103627873564,
    "avg_available_mb": 4202.095411278736,
    "avg_cache_mb": 314.91765445402297,
    "avg_pgfault": 227935.56976744186,
    "avg_pgmajfault": 0.4883720930232558,
    "avg_pswpin": 0.0,
    "avg_pswpout": 9302.32558139535,
    "psi_some_avg10": 0.0,
    "psi_full_avg10": 0.0,
    "bogo_ops_per_s": 200433.99,
    "memory_pressure_score": 10.439701463599594
}