{
    "avg_si_kBps": 0.0,
    "avg_so_kBps": 49778.61111111111,
    "avg_free_vmstat_MB": 3688.647005208333,
    "avg_iowait": 10.166666666666666,
    "avg_free_mb": 3676.0441537921347,
    "avg_swap_used_mb": 449.92512289325845,
    "avg_available_mb": 3415.8025807584268,
    "avg_cache_mb": 311.2371400983146,
    "avg_pgfault": 10662.886363636364,
    "avg_pgmajfault": 0.7840909090909091,
    "avg_pswpin": 0.0,
    "avg_pswpout": 12727.272727272728,
    "psi_some_avg10": 0.0,
    "psi_full_avg10": 0.0,
    "bogo_ops_per_s": 196657.49,
    "memory_pressure_score": 5.456534356060605
}