{
    "avg_si_kBps": 0.0,
    "avg_so_kBps": 92511.0306122449,
    "avg_free_vmstat_MB": 3715.339923469388,
    "avg_iowait": 3.0306122448979593,
    "avg_free_mb": 3688.583480992268,
    "avg_swap_used_mb": 152.20203769329896,
    "avg_available_mb": 3429.1184761597938,
    "avg_cache_mb": 317.62447648195877,
    "avg_pgfault": 9884.09375,
    "avg_pgmajfault": 1.84375,
    "avg_pswpin": 0.0,
    "avg_pswpout": 23506.875,
    "psi_some_avg10": 0.0,
    "psi_full_avg10": 0.0,
    "bogo_ops_per_s": 231364.34,
    "memory_pressure_score": 1.8612494036989797
}