{
    "avg_si_kBps": 0.0,
    "avg_so_kBps": 48172.967741935485,
    "avg_free_vmstat_MB": 3775.4459425403224,
    "avg_iowait": 5.838709677419355,
    "avg_free_mb": 3775.693996263587,
    "avg_swap_used_mb": 436.92764945652175,
    "avg_available_mb": 3977.7960682744565,
    "avg_cache_mb": 313.0886124320652,
    "avg_pgfault": 194462.9120879121,
    "avg_pgmajfault": 0.45054945054945056,
    "avg_pswpin": 0.0,
    "avg_pswpout": 12307.692307692309,
    "psi_some_avg10": 0.0,
    "psi_full_avg10": 0.0,
    "bogo_ops_per_s": 189641.7,
    "memory_pressure_score": 9.725556761786601
}