{
    "avg_si_kBps": 0.0,
    "avg_so_kBps": 40852.22340425532,
    "avg_free_vmstat_MB": 3747.656790226064,
    "avg_iowait": 9.180851063829786,
    "avg_free_mb": 3697.0484632554944,
    "avg_swap_used_mb": 225.19260817307693,
    "avg_available_mb": 3891.178528502747,
    "avg_cache_mb": 309.3080786401099,
    "avg_pgfault": 193529.47777777776,
    "avg_pgmajfault": 0.4444444444444444,
    "avg_pswpin": 0.0,
    "avg_pswpout": 10666.666666666666,
    "psi_some_avg10": 0.0,
    "psi_full_avg10": 0.0,
    "bogo_ops_per_s": 185245.77,
    "memory_pressure_score": 11.363957254137114
}