{
    "avg_pswpin": 0.0,
    "avg_so_kBps": 59219.2957736286,
    "avg_swap_used_mb": 108.65564047275787,
    "avg_cache_mb": 311.09022982160707,
    "psi_some_avg10": 0.0,
    "avg_free_mb": 3726.951572401381,
    "avg_available_mb": 3464.283490262403,
    "avg_iowait": 4.390394483119261,
    "avg_pgfault": 15300.424287758651,
    "psi_full_avg10": 0.0,
    "bogo_ops_per_s": 227917.72800000003,
    "memory_pressure_score": 2.7307120916311827,
    "avg_free_vmstat_MB": 3728.413131803961,
    "avg_pswpout": 15331.582443886631,
    "avg_si_kBps": 0.0,
    "avg_pgmajfault": 0.9452692445613197
}