{
    "avg_pswpin": 0.0,
    "avg_so_kBps": 44785.92218743048,
    "avg_swap_used_mb": 187.39125098509413,
    "avg_cache_mb": 311.6385447515772,
    "psi_some_avg10": 0.0,
    "avg_free_mb": 3727.99850413638,
    "avg_available_mb": 3924.145473513579,
    "avg_iowait": 7.188389666653499,
    "avg_pgfault": 193614.64561763828,
    "psi_full_avg10": 0.0,
    "bogo_ops_per_s": 183469.272,
    "memory_pressure_score": 10.370707429944089,
    "avg_free_vmstat_MB": 3742.720102015818,
    "avg_pswpout": 11355.189349250937,
    "avg_si_kBps": 0.0,
    "avg_pgmajfault": 0.5352850377245834
}