{
    "avg_so_kBps": 45267.202341167285,
    "memory_pressure_score": 6.526139149438575,
    "avg_free_vmstat_MB": 3609.661928407775,
    "avg_si_kBps": 0.0,
    "avg_cache_mb": 312.0551615670316,
    "avg_pswpout": 11622.023402032153,
    "avg_available_mb": 3350.767247907877,
    "avg_free_mb": 3610.657969167058,
    "avg_pswpin": 0.0,
    "avg_iowait": 12.053028915528916,
    "avg_pgmajfault": 0.6774907774658591,
    "psi_some_avg10": 0.0,
    "bogo_ops_per_s": 181425.384,
    "avg_pgfault": 14274.991190689068,
    "psi_full_avg10": 0.0,
    "avg_swap_used_mb": 557.6228588917498
}