{
    "avg_so_kBps": 51617.86545184583,
    "memory_pressure_score": 11.079960832369661,
    "avg_free_vmstat_MB": 3759.316055610445,
    "avg_si_kBps": 0.01702127659574468,
    "avg_cache_mb": 319.1757107666685,
    "avg_pswpout": 13344.717665934764,
    "avg_available_mb": 3975.4511323537954,
    "avg_free_mb": 3767.3546384056344,
    "avg_pswpin": 0.004347826086956522,
    "avg_iowait": 8.902462487441934,
    "avg_pgmajfault": 0.9651633611238205,
    "psi_some_avg10": 0.0,
    "bogo_ops_per_s": 174513.382,
    "avg_pgfault": 189392.2253291724,
    "psi_full_avg10": 0.0,
    "avg_swap_used_mb": 445.9366707130163
}