{
    "avg_si_kBps": 0.0,
    "avg_so_kBps": 31930.275,
    "avg_free_vmstat_MB": 3622.141259765625,
    "avg_iowait": 13.0125,
    "avg_free_mb": 3613.187353515625,
    "avg_swap_used_mb": 514.60966796875,
    "avg_available_mb": 3825.015771484375,
    "avg_cache_mb": 322.504248046875,
    "avg_pgfault": 217098.03797468354,
    "avg_pgmajfault": 0.5949367088607594,
    "avg_pswpin": 0.0,
    "avg_pswpout": 8101.265822784811,
    "psi_some_avg10": 0.0,
    "psi_full_avg10": 0.0,
    "bogo_ops_per_s": 169102.7,
    "memory_pressure_score": 14.104681329113923
}