{
    "avg_si_kBps": 0.0,
    "avg_so_kBps": 47659.84042553192,
    "avg_free_vmstat_MB": 2527.0634973404253,
    "avg_iowait": 2.2872340425531914,
    "avg_free_mb": 2552.057081653226,
    "avg_swap_used_mb": 367.62806619623655,
    "avg_available_mb": 2289.978956653226,
    "avg_cache_mb": 309.4947076612903,
    "avg_pgfault": 31892.58695652174,
    "avg_pgmajfault": 0.532608695652174,
    "avg_pswpin": 0.0,
    "avg_pswpout": 12173.91304347826,
    "psi_some_avg10": 0.0,
    "psi_full_avg10": 0.0,
    "bogo_ops_per_s": 94766.64,
    "memory_pressure_score": 15.3481494426457
}