{
    "avg_si_kBps": 0.0,
    "avg_so_kBps": 64098.10989010989,
    "avg_free_vmstat_MB": 2571.619848901099,
    "avg_iowait": 15.384615384615385,
    "avg_free_mb": 2610.076748934659,
    "avg_swap_used_mb": 461.54367897727275,
    "avg_available_mb": 2347.0652965198865,
    "avg_cache_mb": 307.5443004261364,
    "avg_pgfault": 28486.310344827587,
    "avg_pgmajfault": 0.6206896551724138,
    "avg_pswpin": 0.0,
    "avg_pswpout": 16792.206896551725,
    "psi_some_avg10": 0.0,
    "psi_full_avg10": 0.0,
    "bogo_ops_per_s": 43102.74,
    "memory_pressure_score": 23.502881468359224
}