{
    "avg_si_kBps": 0.0,
    "avg_so_kBps": 24252.747368421053,
    "avg_free_vmstat_MB": 2797.9349095394737,
    "avg_iowait": 1.7578947368421052,
    "avg_free_mb": 2863.2254704301076,
    "avg_swap_used_mb": 271.62281586021504,
    "avg_available_mb": 2598.5491851478496,
    "avg_cache_mb": 1268.5354922715053,
    "avg_pgfault": 22249.293478260868,
    "avg_pgmajfault": 0.8913043478260869,
    "avg_pswpin": 0.0,
    "avg_pswpout": 6260.869565217391,
    "psi_some_avg10": 0.0,
    "psi_full_avg10": 0.0,
    "bogo_ops_per_s": 364740.27,
    "memory_pressure_score": 8.049037296910754
}