{
    "avg_si_kBps": 0.0,
    "avg_so_kBps": 0.1595744680851064,
    "avg_free_vmstat_MB": 2550.8944065824467,
    "avg_iowait": 0.0,
    "avg_free_mb": 2551.8551327284945,
    "avg_swap_used_mb": 233.6015625,
    "avg_available_mb": 2289.6798975134407,
    "avg_cache_mb": 309.1981686827957,
    "avg_pgfault": 1695.5760869565217,
    "avg_pgmajfault": 0.6847826086956522,
    "avg_pswpin": 0.0,
    "avg_pswpout": 0.0,
    "psi_some_avg10": 0.0,
    "psi_full_avg10": 0.0,
    "bogo_ops_per_s": 79056.52,
    "memory_pressure_score": 0.025481513644773357
}