{
    "avg_si_kBps": 0.0,
    "avg_so_kBps": 24774.344086021505,
    "avg_free_vmstat_MB": 3623.4424983198924,
    "avg_iowait": 1.2795698924731183,
    "avg_free_mb": 3569.2009595788045,
    "avg_swap_used_mb": 285.34502377717394,
    "avg_available_mb": 3307.8037958559785,
    "avg_cache_mb": 310.7156504755435,
    "avg_pgfault": 40630.35164835165,
    "avg_pgmajfault": 1.7582417582417582,
    "avg_pswpin": 0.0,
    "avg_pswpout": 6329.67032967033,
    "psi_some_avg10": 0.0,
    "psi_full_avg10": 0.0,
    "bogo_ops_per_s": 117109.11,
    "memory_pressure_score": 8.361650973650006
}