{
    "avg_si_kBps": 0.0,
    "avg_so_kBps": 101554.9587628866,
    "avg_free_vmstat_MB": 2858.536887886598,
    "avg_iowait": 3.917525773195876,
    "avg_free_mb": 2867.1458333333335,
    "avg_swap_used_mb": 408.0496419270833,
    "avg_available_mb": 3064.4163411458335,
    "avg_cache_mb": 310.1068929036458,
    "avg_pgfault": 378099.9157894737,
    "avg_pgmajfault": 0.6736842105263158,
    "avg_pswpin": 0.0,
    "avg_pswpout": 26211.136842105265,
    "psi_some_avg10": 0.0,
    "psi_full_avg10": 0.0,
    "bogo_ops_per_s": 45008.63,
    "memory_pressure_score": 36.65088018014107
}