{
    "avg_si_kBps": 0.0,
    "avg_so_kBps": 31872.166666666668,
    "avg_free_vmstat_MB": 3707.082316080729,
    "avg_iowait": 2.53125,
    "avg_free_mb": 3704.777426861702,
    "avg_swap_used_mb": 315.63538896276594,
    "avg_available_mb": 3895.5469996675533,
    "avg_cache_mb": 303.3208942819149,
    "avg_pgfault": 195146.39784946237,
    "avg_pgmajfault": 0.41935483870967744,
    "avg_pswpin": 0.0,
    "avg_pswpout": 8258.064516129032,
    "psi_some_avg10": 0.0,
    "psi_full_avg10": 0.0,
    "bogo_ops_per_s": 93552.18,
    "memory_pressure_score": 13.121658467741936
}