{
    "avg_si_kBps": 0.0,
    "avg_so_kBps": 64790.54347826087,
    "avg_free_vmstat_MB": 2747.679008152174,
    "avg_iowait": 10.75,
    "avg_free_mb": 2729.5564903846152,
    "avg_swap_used_mb": 535.4083104395604,
    "avg_available_mb": 2924.9457417582416,
    "avg_cache_mb": 308.1972870879121,
    "avg_pgfault": 280880.9555555555,
    "avg_pgmajfault": 0.6888888888888889,
    "avg_pswpin": 0.0,
    "avg_pswpout": 16559.0,
    "psi_some_avg10": 0.0,
    "psi_full_avg10": 0.0,
    "bogo_ops_per_s": 62100.87,
    "memory_pressure_score": 26.337877376811594
}