{
    "avg_si_kBps": 0.0,
    "avg_so_kBps": 0.1595744680851064,
    "avg_free_vmstat_MB": 2599.5167470079787,
    "avg_iowait": 0.010638297872340425,
    "avg_free_mb": 2599.678679435484,
    "avg_swap_used_mb": 233.6015625,
    "avg_available_mb": 2795.255376344086,
    "avg_cache_mb": 308.2526041666667,
    "avg_pgfault": 9210.467391304348,
    "avg_pgmajfault": 0.42391304347826086,
    "avg_pswpin": 0.0,
    "avg_pswpout": 0.0,
    "psi_some_avg10": 0.0,
    "psi_full_avg10": 0.0,
    "bogo_ops_per_s": 77028.19,
    "memory_pressure_score": 0.14086445767807587
}