{
    "avg_si_kBps": 0.0,
    "avg_so_kBps": 15835.154639175258,
    "avg_free_vmstat_MB": 2850.402867268041,
    "avg_iowait": 7.670103092783505,
    "avg_free_mb": 2819.882853190104,
    "avg_swap_used_mb": 360.3545328776042,
    "avg_available_mb": 3011.0621744791665,
    "avg_cache_mb": 1243.6357421875,
    "avg_pgfault": 90117.36842105263,
    "avg_pgmajfault": 0.6736842105263158,
    "avg_pswpin": 0.0,
    "avg_pswpout": 4042.1052631578946,
    "psi_some_avg10": 0.0,
    "psi_full_avg10": 0.0,
    "bogo_ops_per_s": 309687.11,
    "memory_pressure_score": 8.019832691264243
}