{
    "avg_si_kBps": 0.0,
    "avg_so_kBps": 11913.47619047619,
    "avg_free_vmstat_MB": 3219.586449032738,
    "avg_iowait": 31.61904761904762,
    "avg_free_mb": 3217.427131558642,
    "avg_swap_used_mb": 743.6671489197531,
    "avg_available_mb": 3418.9840374228397,
    "avg_cache_mb": 312.6687403549383,
    "avg_pgfault": 119572.1375,
    "avg_pgmajfault": 0.525,
    "avg_pswpin": 0.0,
    "avg_pswpout": 3065.9375,
    "psi_some_avg10": 0.0,
    "psi_full_avg10": 0.0,
    "bogo_ops_per_s": 85747.31,
    "memory_pressure_score": 19.99454862202381
}