{
    "avg_si_kBps": 0.0,
    "avg_so_kBps": 60236.08235294118,
    "avg_free_vmstat_MB": 3642.5337775735293,
    "avg_iowait": 12.011764705882353,
    "avg_free_mb": 3649.329148065476,
    "avg_swap_used_mb": 572.849376860119,
    "avg_available_mb": 3388.9020182291665,
    "avg_cache_mb": 310.85756138392856,
    "avg_pgfault": 14467.807228915663,
    "avg_pgmajfault": 0.6024096385542169,
    "avg_pswpin": 0.0,
    "avg_pswpout": 15421.686746987953,
    "psi_some_avg10": 0.0,
    "psi_full_avg10": 0.0,
    "bogo_ops_per_s": 180657.17,
    "memory_pressure_score": 6.512255605953225
}