{
    "avg_si_kBps": 0.0,
    "avg_so_kBps": 74894.70212765958,
    "avg_free_vmstat_MB": 3681.3243849734044,
    "avg_iowait": 3.702127659574468,
    "avg_free_mb": 3679.142599587912,
    "avg_swap_used_mb": 133.1683121565934,
    "avg_available_mb": 3414.8723815247254,
    "avg_cache_mb": 308.0292754120879,
    "avg_pgfault": 8417.888888888889,
    "avg_pgmajfault": 0.5555555555555556,
    "avg_pswpin": 0.0,
    "avg_pswpout": 19555.555555555555,
    "psi_some_avg10": 0.0,
    "psi_full_avg10": 0.0,
    "bogo_ops_per_s": 234869.68,
    "memory_pressure_score": 2.145689940898345
}