{
    "avg_si_kBps": 0.0,
    "avg_so_kBps": 74279.85869565218,
    "avg_free_vmstat_MB": 3499.3633661684785,
    "avg_iowait": 15.0,
    "avg_free_mb": 3491.223675271739,
    "avg_swap_used_mb": 751.9262907608696,
    "avg_available_mb": 3232.650135869565,
    "avg_cache_mb": 314.64695142663044,
    "avg_pgfault": 15945.274725274725,
    "avg_pgmajfault": 0.7802197802197802,
    "avg_pswpin": 0.0,
    "avg_pswpout": 19118.428571428572,
    "psi_some_avg10": 0.0,
    "psi_full_avg10": 0.0,
    "bogo_ops_per_s": 148101.94,
    "memory_pressure_score": 8.058084615384615
}