{
    "avg_si_kBps": 0.0,
    "avg_so_kBps": 30210.715789473685,
    "avg_free_vmstat_MB": 3515.613939144737,
    "avg_iowait": 20.0,
    "avg_free_mb": 3546.754326276882,
    "avg_swap_used_mb": 754.4824848790323,
    "avg_available_mb": 3747.931661626344,
    "avg_cache_mb": 312.1242439516129,
    "avg_pgfault": 143897.0,
    "avg_pgmajfault": 0.4673913043478261,
    "avg_pswpin": 0.0,
    "avg_pswpout": 7799.804347826087,
    "psi_some_avg10": 0.0,
    "psi_full_avg10": 0.0,
    "bogo_ops_per_s": 130948.77,
    "memory_pressure_score": 15.036394999999999
}