{
    "avg_si_kBps": 0.0,
    "avg_so_kBps": 56889.555555555555,
    "avg_free_vmstat_MB": 3890.8914496527777,
    "avg_iowait": 6.7,
    "avg_free_mb": 3866.5546431107955,
    "avg_swap_used_mb": 356.15975674715907,
    "avg_available_mb": 3606.607333096591,
    "avg_cache_mb": 311.6091974431818,
    "avg_pgfault": 12314.80459770115,
    "avg_pgmajfault": 0.5632183908045977,
    "avg_pswpin": 0.0,
    "avg_pswpout": 14712.643678160919,
    "psi_some_avg10": 0.0,
    "psi_full_avg10": 0.0,
    "bogo_ops_per_s": 217241.82,
    "memory_pressure_score": 3.7810181609195403
}