{
    "avg_si_kBps": 0.0,
    "avg_so_kBps": 69829.04444444444,
    "avg_free_vmstat_MB": 3714.5314670138887,
    "avg_iowait": 10.3,
    "avg_free_mb": 3718.735440340909,
    "avg_swap_used_mb": 518.0800337357955,
    "avg_available_mb": 3920.902254971591,
    "avg_cache_mb": 313.19131747159093,
    "avg_pgfault": 187834.8275862069,
    "avg_pgmajfault": 0.6091954022988506,
    "avg_pswpin": 0.0,
    "avg_pswpout": 18062.02298850575,
    "psi_some_avg10": 0.0,
    "psi_full_avg10": 0.0,
    "bogo_ops_per_s": 168134.91,
    "memory_pressure_score": 11.724218965517242
}