{
    "avg_si_kBps": 0.0,
    "avg_so_kBps": 38539.316326530614,
    "avg_free_vmstat_MB": 3747.8838887117345,
    "avg_iowait": 4.540816326530612,
    "avg_free_mb": 3776.4730589561855,
    "avg_swap_used_mb": 142.1127174613402,
    "avg_available_mb": 3974.35965689433,
    "avg_cache_mb": 313.4128946520619,
    "avg_pgfault": 206552.19791666666,
    "avg_pgmajfault": 0.8020833333333334,
    "avg_pswpin": 0.0,
    "avg_pswpout": 9900.010416666666,
    "psi_some_avg10": 0.0,
    "psi_full_avg10": 0.0,
    "bogo_ops_per_s": 198545.77,
    "memory_pressure_score": 9.49973509034864
}