{
    "avg_si_kBps": 0.0,
    "avg_so_kBps": 28764.775280898877,
    "avg_free_vmstat_MB": 3243.0700491573034,
    "avg_iowait": 30.640449438202246,
    "avg_free_mb": 3226.7447150735293,
    "avg_swap_used_mb": 957.2497242647058,
    "avg_available_mb": 2966.7653033088236,
    "avg_cache_mb": 311.7850183823529,
    "avg_pgfault": 4172.869047619048,
    "avg_pgmajfault": 0.8571428571428571,
    "avg_pswpin": 0.0,
    "avg_pswpout": 7619.047619047619,
    "psi_some_avg10": 0.0,
    "psi_full_avg10": 0.0,
    "bogo_ops_per_s": 92806.9,
    "memory_pressure_score": 15.46627513576779
}