{
    "avg_pswpin": 0.0,
    "avg_pswpout": 5751.585305443078,
    "memory_pressure_score": 14.122077672094893,
    "psi_some_avg10": 0.0,
    "avg_available_mb": 3234.978880502566,
    "avg_so_kBps": 22039.119054966894,
    "avg_si_kBps": 0.0,
    "avg_pgfault": 134114.86164733642,
    "psi_full_avg10": 0.0,
    "avg_free_mb": 3045.051043381939,
    "avg_iowait": 21.994476123579105,
    "avg_free_vmstat_MB": 3039.3871606204475,
    "avg_swap_used_mb": 565.5223995628078,
    "bogo_ops_per_s": 119375.66399999999,
    "avg_cache_mb": 300.7831675682785,
    "avg_pgmajfault": 0.5455505345856223
}