{
    "avg_so_kBps": 42168.87393001396,
    "memory_pressure_score": 6.747457445443077,
    "avg_free_vmstat_MB": 3642.932671670204,
    "avg_si_kBps": 0.0,
    "avg_cache_mb": 327.6506436145677,
    "avg_pswpout": 10718.417496035236,
    "avg_available_mb": 3378.5735772500616,
    "avg_free_mb": 3630.5825906585937,
    "avg_pswpin": 0.0,
    "avg_iowait": 12.578537823709668,
    "avg_pgmajfault": 1.0380211647368487,
    "psi_some_avg10": 0.0,
    "bogo_ops_per_s": 183324.212,
    "avg_pgfault": 13091.100959664065,
    "psi_full_avg10": 0.0,
    "avg_swap_used_mb": 519.8831873961378
}