{
    "avg_so_kBps": 32377.00403428785,
    "memory_pressure_score": 13.458137913045112,
    "avg_free_vmstat_MB": 3601.20738377745,
    "avg_si_kBps": 0.0,
    "avg_cache_mb": 315.1723126816227,
    "avg_pswpout": 8215.527300712569,
    "avg_available_mb": 3831.984632637878,
    "avg_free_mb": 3627.7279746148197,
    "avg_pswpin": 0.0,
    "avg_iowait": 14.353969098277608,
    "avg_pgmajfault": 0.5886784172870261,
    "psi_some_avg10": 0.0,
    "bogo_ops_per_s": 157058.348,
    "avg_pgfault": 179461.5246830374,
    "psi_full_avg10": 0.0,
    "avg_swap_used_mb": 529.4502356370252
}