{
    "avg_si_kBps": 0.0,
    "avg_so_kBps": 34622.62626262626,
    "avg_free_vmstat_MB": 3641.187776199495,
    "avg_iowait": 10.929292929292929,
    "avg_free_mb": 3659.781894329897,
    "avg_swap_used_mb": 386.52553157216494,
    "avg_available_mb": 3399.2915592783506,
    "avg_cache_mb": 310.8617912371134,
    "avg_pgfault": 12731.052083333334,
    "avg_pgmajfault": 0.53125,
    "avg_pswpin": 0.0,
    "avg_pswpout": 8908.802083333334,
    "psi_some_avg10": 0.0,
    "psi_full_avg10": 0.0,
    "bogo_ops_per_s": 185024.59,
    "memory_pressure_score": 5.910233287563131
}