{
    "avg_si_kBps": 0.0,
    "avg_so_kBps": 37180.94680851064,
    "avg_free_vmstat_MB": 3781.369389960106,
    "avg_iowait": 3.978723404255319,
    "avg_free_mb": 3837.420716002747,
    "avg_swap_used_mb": 43.48673592032967,
    "avg_available_mb": 3574.3904962225274,
    "avg_cache_mb": 310.4003691620879,
    "avg_pgfault": 24451.2,
    "avg_pgmajfault": 0.7444444444444445,
    "avg_pswpin": 0.0,
    "avg_pswpout": 9708.1,
    "psi_some_avg10": 0.0,
    "psi_full_avg10": 0.0,
    "bogo_ops_per_s": 233156.67,
    "memory_pressure_score": 2.8451537021276594
}