{
    "avg_si_kBps": 0.0,
    "avg_so_kBps": 42198.78021978022,
    "avg_free_vmstat_MB": 3749.3688186813188,
    "avg_iowait": 5.648351648351649,
    "avg_free_mb": 3744.471701388889,
    "avg_swap_used_mb": 405.79322916666666,
    "avg_available_mb": 3484.771527777778,
    "avg_cache_mb": 312.4490451388889,
    "avg_pgfault": 19230.26966292135,
    "avg_pgmajfault": 0.7865168539325843,
    "avg_pswpin": 0.0,
    "avg_pswpout": 10786.516853932584,
    "psi_some_avg10": 0.0,
    "psi_full_avg10": 0.0,
    "bogo_ops_per_s": 219207.0,
    "memory_pressure_score": 3.4972352623780716
}