{
    "avg_si_kBps": 0.0,
    "avg_so_kBps": 61936.666666666664,
    "avg_free_vmstat_MB": 3842.997521841398,
    "avg_iowait": 1.913978494623656,
    "avg_free_mb": 3823.5383680555556,
    "avg_swap_used_mb": 103.04809027777777,
    "avg_available_mb": 3560.1319444444443,
    "avg_cache_mb": 309.5224392361111,
    "avg_pgfault": 8628.449438202248,
    "avg_pgmajfault": 0.7528089887640449,
    "avg_pswpin": 0.0,
    "avg_pswpout": 16179.775280898877,
    "psi_some_avg10": 0.0,
    "psi_full_avg10": 0.0,
    "bogo_ops_per_s": 242428.45,
    "memory_pressure_score": 1.2589849776489066
}