{
    "avg_si_kBps": 0.0,
    "avg_so_kBps": 17778.222222222223,
    "avg_free_vmstat_MB": 3064.365776909722,
    "avg_iowait": 20.09722222222222,
    "avg_free_mb": 3072.5428059895835,
    "avg_swap_used_mb": 618.0272894965278,
    "avg_available_mb": 2805.9348958333335,
    "avg_cache_mb": 298.7356770833333,
    "avg_pgfault": 9862.56338028169,
    "avg_pgmajfault": 1.028169014084507,
    "avg_pswpin": 0.0,
    "avg_pswpout": 4507.042253521126,
    "psi_some_avg10": 0.0,
    "psi_full_avg10": 0.0,
    "bogo_ops_per_s": 153592.56,
    "memory_pressure_score": 10.505710672926448
}