{
    "avg_si_kBps": 0.0,
    "avg_so_kBps": 3734.8314606741574,
    "avg_free_vmstat_MB": 3724.9626931179773,
    "avg_iowait": 8.438202247191011,
    "avg_free_mb": 3709.143732244318,
    "avg_swap_used_mb": 329.7598987926136,
    "avg_available_mb": 3487.478693181818,
    "avg_cache_mb": 388.4566761363636,
    "avg_pgfault": 14676.942528735632,
    "avg_pgmajfault": 2.6091954022988504,
    "avg_pswpin": 0.0,
    "avg_pswpout": 954.9885057471264,
    "psi_some_avg10": 0.0,
    "psi_full_avg10": 0.0,
    "bogo_ops_per_s": 208599.72,
    "memory_pressure_score": 4.732794112101253
}